[
  {
    "id": "de6d6584-c37e-4267-8265-aad1fd4be77a",
    "data": [
      {
        "text": "Make a bill payment of ",
        "userDefined": false
      },
      {
        "text": "20 dollars",
        "alias": "amount",
        "meta": "@sys.unit-currency",
        "userDefined": true
      },
      {
        "text": " to ",
        "userDefined": false
      },
      {
        "text": "​starhub",
        "alias": "biller",
        "meta": "@billerName",
        "userDefined": true
      }
    ],
    "isTemplate": false,
    "count": 0,
    "updated": 1528179005
  },
  {
    "id": "a7c6f3ae-1381-4108-9325-fb76bc99ede3",
    "data": [
      {
        "text": "Can you help me pay ",
        "userDefined": false
      },
      {
        "text": "utilities",
        "alias": "biller",
        "meta": "@billerName",
        "userDefined": false
      },
      {
        "text": " ",
        "userDefined": false
      },
      {
        "text": "10 bucks",
        "alias": "amount",
        "meta": "@sys.unit-currency",
        "userDefined": false
      }
    ],
    "isTemplate": false,
    "count": 0,
    "updated": 1528179005
  },
  {
    "id": "8fda219c-4823-4c96-b88d-2e7a5e13f939",
    "data": [
      {
        "text": "Help me do a bill payment",
        "userDefined": false
      }
    ],
    "isTemplate": false,
    "count": 0,
    "updated": 1528179005
  },
  {
    "id": "69a0a723-03c6-4bdf-be32-874f8cc585d3",
    "data": [
      {
        "text": "I would like to do a bill payment",
        "userDefined": false
      }
    ],
    "isTemplate": false,
    "count": 0,
    "updated": 1528179005
  },
  {
    "id": "0b07bcda-12e3-4773-91a1-03054c64a384",
    "data": [
      {
        "text": "Help me do a bill payment to ​",
        "userDefined": false
      },
      {
        "text": "utilities",
        "alias": "biller",
        "meta": "@billerName",
        "userDefined": false
      }
    ],
    "isTemplate": false,
    "count": 0,
    "updated": 1528179005
  },
  {
    "id": "25f98f74-ee40-4296-b9f0-13735810f539",
    "data": [
      {
        "text": "Can you assist me in a bill payment to ​",
        "userDefined": false
      },
      {
        "text": "pub",
        "alias": "biller",
        "meta": "@billerName",
        "userDefined": false
      }
    ],
    "isTemplate": false,
    "count": 0,
    "updated": 1528179005
  },
  {
    "id": "fe743dec-c3f3-472f-bfdc-d58ab05302fc",
    "data": [
      {
        "text": "Pay ",
        "userDefined": false
      },
      {
        "text": "bills",
        "meta": "@sys.ignore",
        "userDefined": false
      }
    ],
    "isTemplate": false,
    "count": 0,
    "updated": 1528179005
  },
  {
    "id": "f695213b-0557-4667-96e6-99660c4e0e4d",
    "data": [
      {
        "text": "Pay ",
        "userDefined": false
      },
      {
        "text": "singtel",
        "alias": "biller",
        "meta": "@billerName",
        "userDefined": false
      },
      {
        "text": " ",
        "userDefined": false
      },
      {
        "text": "50 dollars",
        "alias": "amount",
        "meta": "@sys.unit-currency",
        "userDefined": false
      }
    ],
    "isTemplate": false,
    "count": 0,
    "updated": 1528179005
  },
  {
    "id": "85ffda7c-f8eb-452c-819b-0fed204a6284",
    "data": [
      {
        "text": "Pay bill of ",
        "userDefined": false
      },
      {
        "text": "​2​ dollars",
        "alias": "amount",
        "meta": "@sys.unit-currency",
        "userDefined": true
      },
      {
        "text": " to ",
        "userDefined": false
      },
      {
        "text": "​telco",
        "alias": "biller",
        "meta": "@billerName",
        "userDefined": true
      }
    ],
    "isTemplate": false,
    "count": 0,
    "updated": 1528179005
  },
  {
    "id": "b8f16b4f-9052-462d-a3e2-941b4339c2e6",
    "data": [
      {
        "text": "Make a bill payment of ​ 100 dollars to ​",
        "userDefined": false
      },
      {
        "text": "singtel",
        "alias": "biller",
        "meta": "@billerName",
        "userDefined": true
      },
      {
        "text": " from ​",
        "userDefined": false
      },
      {
        "text": "current",
        "alias": "account",
        "meta": "@accountType",
        "userDefined": true
      },
      {
        "text": " account",
        "userDefined": false
      }
    ],
    "isTemplate": false,
    "count": 0,
    "updated": 1528179005
  },
  {
    "id": "aac8cdb8-3c99-4667-97a4-5a6070a1a5f0",
    "data": [
      {
        "text": "Pay ​",
        "userDefined": false
      },
      {
        "text": "gas",
        "alias": "biller",
        "meta": "@billerName",
        "userDefined": false
      },
      {
        "text": " ",
        "userDefined": false
      },
      {
        "text": "bill",
        "meta": "@sys.ignore",
        "userDefined": false
      },
      {
        "text": "​ ​",
        "userDefined": false
      },
      {
        "text": "5 dollars",
        "alias": "amount",
        "meta": "@sys.unit-currency",
        "userDefined": false
      },
      {
        "text": " from ​",
        "userDefined": false
      },
      {
        "text": "savings",
        "alias": "account",
        "meta": "@accountType",
        "userDefined": false
      }
    ],
    "isTemplate": false,
    "count": 0,
    "updated": 1528179005
  },
  {
    "id": "185f05b9-077f-4875-8d03-283b71a6829d",
    "data": [
      {
        "text": "Do a bill payment to my ​",
        "userDefined": false
      },
      {
        "text": "telco",
        "alias": "biller",
        "meta": "@billerName",
        "userDefined": false
      }
    ],
    "isTemplate": false,
    "count": 0,
    "updated": 1528179005
  },
  {
    "id": "c6d29356-0740-4745-932c-2d1ab96287aa",
    "data": [
      {
        "text": "Pay bill of ​ ",
        "userDefined": false
      },
      {
        "text": "30 dollars",
        "alias": "amount",
        "meta": "@sys.unit-currency",
        "userDefined": true
      },
      {
        "text": " to ​my school from ​",
        "userDefined": false
      },
      {
        "text": "savings",
        "alias": "account",
        "meta": "@accountType",
        "userDefined": true
      }
    ],
    "isTemplate": false,
    "count": 0,
    "updated": 1528179005
  },
  {
    "id": "85857b3b-f812-4030-9b18-aa4e6a647b78",
    "data": [
      {
        "text": "Can you assist me in doing a bill payment",
        "userDefined": false
      }
    ],
    "isTemplate": false,
    "count": 0,
    "updated": 1528179005
  }
]