[
  {
    "id": "4cfd933a-6924-4740-a3b2-a2d21dffc102",
    "data": [
      {
        "text": "Make a bill payment of ",
        "userDefined": false
      },
      {
        "text": "20 dollars",
        "alias": "amount",
        "meta": "@sys.unit-currency",
        "userDefined": true
      },
      {
        "text": " to ",
        "userDefined": false
      },
      {
        "text": "​starhub",
        "alias": "biller",
        "meta": "@billerName",
        "userDefined": true
      }
    ],
    "isTemplate": false,
    "count": 0,
    "updated": 1528179005
  },
  {
    "id": "687317bc-c030-42ab-ba9a-fc6cb5e1a499",
    "data": [
      {
        "text": "Can you help me pay ",
        "userDefined": false
      },
      {
        "text": "utilities",
        "alias": "biller",
        "meta": "@billerName",
        "userDefined": false
      },
      {
        "text": " ",
        "userDefined": false
      },
      {
        "text": "10 bucks",
        "alias": "amount",
        "meta": "@sys.unit-currency",
        "userDefined": false
      }
    ],
    "isTemplate": false,
    "count": 0,
    "updated": 1528179005
  },
  {
    "id": "bec5062f-c57c-433b-96ef-1e3edc94ff1e",
    "data": [
      {
        "text": "Help me do a bill payment",
        "userDefined": false
      }
    ],
    "isTemplate": false,
    "count": 0,
    "updated": 1528179005
  },
  {
    "id": "6d912472-8c49-41d4-9764-e0517fe0970a",
    "data": [
      {
        "text": "I would like to do a bill payment",
        "userDefined": false
      }
    ],
    "isTemplate": false,
    "count": 0,
    "updated": 1528179005
  },
  {
    "id": "e167c9f0-e5d3-4e49-88a8-b9b3b562a257",
    "data": [
      {
        "text": "Help me do a bill payment to ​",
        "userDefined": false
      },
      {
        "text": "utilities",
        "alias": "biller",
        "meta": "@billerName",
        "userDefined": false
      }
    ],
    "isTemplate": false,
    "count": 0,
    "updated": 1528179005
  },
  {
    "id": "be84f723-8f9e-4493-9f62-94004b7b3046",
    "data": [
      {
        "text": "Can you assist me in a bill payment to ​",
        "userDefined": false
      },
      {
        "text": "pub",
        "alias": "biller",
        "meta": "@billerName",
        "userDefined": false
      }
    ],
    "isTemplate": false,
    "count": 0,
    "updated": 1528179005
  },
  {
    "id": "a220cb57-3932-40d9-9066-217a7e64f728",
    "data": [
      {
        "text": "Pay ",
        "userDefined": false
      },
      {
        "text": "bills",
        "meta": "@sys.ignore",
        "userDefined": false
      }
    ],
    "isTemplate": false,
    "count": 0,
    "updated": 1528179005
  },
  {
    "id": "29f9bea6-9556-4a34-84da-94a970f5db85",
    "data": [
      {
        "text": "Pay ",
        "userDefined": false
      },
      {
        "text": "singtel",
        "alias": "biller",
        "meta": "@billerName",
        "userDefined": false
      },
      {
        "text": " ",
        "userDefined": false
      },
      {
        "text": "50 dollars",
        "alias": "amount",
        "meta": "@sys.unit-currency",
        "userDefined": false
      }
    ],
    "isTemplate": false,
    "count": 0,
    "updated": 1528179005
  },
  {
    "id": "28a031e5-8f5a-468e-a218-80a9e1bb8092",
    "data": [
      {
        "text": "Pay bill of ",
        "userDefined": false
      },
      {
        "text": "​2​ dollars",
        "alias": "amount",
        "meta": "@sys.unit-currency",
        "userDefined": true
      },
      {
        "text": " to ",
        "userDefined": false
      },
      {
        "text": "​telco",
        "alias": "biller",
        "meta": "@billerName",
        "userDefined": true
      }
    ],
    "isTemplate": false,
    "count": 0,
    "updated": 1528179005
  },
  {
    "id": "8cf23867-9889-4f84-b4dc-efd2f9c60ce3",
    "data": [
      {
        "text": "Make a bill payment of ​ 100 dollars to ​",
        "userDefined": false
      },
      {
        "text": "singtel",
        "alias": "biller",
        "meta": "@billerName",
        "userDefined": true
      },
      {
        "text": " from ​",
        "userDefined": false
      },
      {
        "text": "current",
        "alias": "account",
        "meta": "@accountType",
        "userDefined": true
      },
      {
        "text": " account",
        "userDefined": false
      }
    ],
    "isTemplate": false,
    "count": 0,
    "updated": 1528179005
  },
  {
    "id": "d5c415a6-bef7-4307-bce2-3788d4ff4a42",
    "data": [
      {
        "text": "Pay ​",
        "userDefined": false
      },
      {
        "text": "gas",
        "alias": "biller",
        "meta": "@billerName",
        "userDefined": false
      },
      {
        "text": " ",
        "userDefined": false
      },
      {
        "text": "bill",
        "meta": "@sys.ignore",
        "userDefined": false
      },
      {
        "text": "​ ​",
        "userDefined": false
      },
      {
        "text": "5 dollars",
        "alias": "amount",
        "meta": "@sys.unit-currency",
        "userDefined": false
      },
      {
        "text": " from ​",
        "userDefined": false
      },
      {
        "text": "savings",
        "alias": "account",
        "meta": "@accountType",
        "userDefined": false
      }
    ],
    "isTemplate": false,
    "count": 0,
    "updated": 1528179005
  },
  {
    "id": "bf72d610-ee42-4a40-86bc-7f6bef234cfe",
    "data": [
      {
        "text": "Do a bill payment to my ​",
        "userDefined": false
      },
      {
        "text": "telco",
        "alias": "biller",
        "meta": "@billerName",
        "userDefined": false
      }
    ],
    "isTemplate": false,
    "count": 0,
    "updated": 1528179005
  },
  {
    "id": "e31f2067-a0c0-481c-8465-11aec529673b",
    "data": [
      {
        "text": "Pay bill of ​ ",
        "userDefined": false
      },
      {
        "text": "30 dollars",
        "alias": "amount",
        "meta": "@sys.unit-currency",
        "userDefined": true
      },
      {
        "text": " to ​my school from ​",
        "userDefined": false
      },
      {
        "text": "savings",
        "alias": "account",
        "meta": "@accountType",
        "userDefined": true
      }
    ],
    "isTemplate": false,
    "count": 0,
    "updated": 1528179005
  },
  {
    "id": "d2059b8c-bb7a-4abd-ba0b-db77d0a8aa5d",
    "data": [
      {
        "text": "Can you assist me in doing a bill payment",
        "userDefined": false
      }
    ],
    "isTemplate": false,
    "count": 0,
    "updated": 1528179005
  }
]