[
  {
    "id": "fb23afc8-fcc5-41ad-8f6a-7b8de081605f",
    "data": [
      {
        "text": "चालू खाते से मेरे बिल का भुगतान करें",
        "userDefined": false
      }
    ],
    "isTemplate": false,
    "count": 0
  },
  {
    "id": "5f03fe9e-d2fc-47a3-a5ff-efda94deaeb0",
    "data": [
      {
        "text": "मेरे बिलों का भुगतान",
        "userDefined": false
      }
    ],
    "isTemplate": false,
    "count": 0
  },
  {
    "id": "8b2088ff-e58d-4451-946c-b7454cb1dc5f",
    "data": [
      {
        "text": "बिल का भुगतान",
        "userDefined": false
      }
    ],
    "isTemplate": false,
    "count": 0
  }
]