[
  {
    "id": "9ccd112f-d251-41ce-b66c-994981b2abb2",
    "data": [
      {
        "text": "send money to ",
        "userDefined": false
      },
      {
        "text": "John",
        "alias": "recipient",
        "meta": "@sys.any",
        "userDefined": true
      },
      {
        "text": " from ",
        "userDefined": false
      },
      {
        "text": "savings",
        "alias": "account",
        "meta": "@accountType",
        "userDefined": true
      },
      {
        "text": " account",
        "userDefined": false
      }
    ],
    "isTemplate": false,
    "count": 0,
    "updated": 1528178114
  },
  {
    "id": "408e8423-cea0-4efb-b7b1-d54808b52316",
    "data": [
      {
        "text": "funds transfer to ",
        "userDefined": false
      },
      {
        "text": "Lee",
        "alias": "recipient",
        "meta": "@sys.any",
        "userDefined": false
      },
      {
        "text": " from ",
        "userDefined": false
      },
      {
        "text": "current",
        "alias": "account",
        "meta": "@accountType",
        "userDefined": false
      }
    ],
    "isTemplate": false,
    "count": 0,
    "updated": 1528178114
  },
  {
    "id": "48066cb5-3a24-4b33-be0f-e44673a6c653",
    "data": [
      {
        "text": "funds transfer to ",
        "userDefined": false
      },
      {
        "text": "john",
        "alias": "recipient",
        "meta": "@sys.any",
        "userDefined": false
      }
    ],
    "isTemplate": false,
    "count": 1,
    "updated": 1528178114
  },
  {
    "id": "424cc150-b143-4248-91b2-5a8867ed194d",
    "data": [
      {
        "text": "Send ",
        "userDefined": false
      },
      {
        "text": "a dollar",
        "alias": "amount",
        "meta": "@sys.unit-currency",
        "userDefined": true
      },
      {
        "text": " to ",
        "userDefined": false
      },
      {
        "text": "Lee",
        "alias": "recipient",
        "meta": "@sys.any",
        "userDefined": true
      }
    ],
    "isTemplate": false,
    "count": 0,
    "updated": 1527833395
  },
  {
    "id": "ed512eb3-54fd-4da8-bbfd-0fef8916d8ad",
    "data": [
      {
        "text": "Transfer some money to ",
        "userDefined": false
      },
      {
        "text": "David",
        "alias": "recipient",
        "meta": "@sys.any",
        "userDefined": false
      },
      {
        "text": " please",
        "userDefined": false
      }
    ],
    "isTemplate": false,
    "count": 0,
    "updated": 1527833395
  },
  {
    "id": "cd46a126-19eb-47ec-9b34-ef88f217491d",
    "data": [
      {
        "text": "Do a funds transfer",
        "userDefined": false
      }
    ],
    "isTemplate": false,
    "count": 0,
    "updated": 1527826830
  },
  {
    "id": "0bc70bd8-aa9b-4cd4-b3e2-9cbdb137693f",
    "data": [
      {
        "text": "Send cash to ",
        "userDefined": false
      },
      {
        "text": "James",
        "alias": "recipient",
        "meta": "@sys.any",
        "userDefined": false
      }
    ],
    "isTemplate": false,
    "count": 0,
    "updated": 1527833395
  },
  {
    "id": "d23b1ff4-250b-432d-99b5-ae79897b1d63",
    "data": [
      {
        "text": "Send ",
        "userDefined": false
      },
      {
        "text": "5 dollars",
        "alias": "amount",
        "meta": "@sys.unit-currency",
        "userDefined": false
      }
    ],
    "isTemplate": false,
    "count": 0,
    "updated": 1527826830
  },
  {
    "id": "5965312d-3c86-40d5-873d-68241c48e6c7",
    "data": [
      {
        "text": "transfer to ",
        "userDefined": false
      },
      {
        "text": "John",
        "alias": "recipient",
        "meta": "@sys.any",
        "userDefined": true
      },
      {
        "text": " ",
        "userDefined": false
      },
      {
        "text": "500",
        "alias": "amount",
        "meta": "@sys.unit-currency",
        "userDefined": true
      },
      {
        "text": " from ",
        "userDefined": false
      },
      {
        "text": "savings",
        "alias": "account",
        "meta": "@accountType",
        "userDefined": true
      }
    ],
    "isTemplate": false,
    "count": 0,
    "updated": 1527833395
  },
  {
    "id": "2f270e4e-76a8-415d-80f6-4f487fa2aefb",
    "data": [
      {
        "text": "Do a funds transfer of ",
        "userDefined": false
      },
      {
        "text": "51 dollars",
        "alias": "amount",
        "meta": "@sys.unit-currency",
        "userDefined": true
      },
      {
        "text": " to ",
        "userDefined": false
      },
      {
        "text": "John",
        "alias": "recipient",
        "meta": "@sys.any",
        "userDefined": false
      }
    ],
    "isTemplate": false,
    "count": 0,
    "updated": 1528700289
  },
  {
    "id": "9f3574a8-077d-4e74-84e8-b8d4cb95be52",
    "data": [
      {
        "text": "funds transfer to ",
        "userDefined": false
      },
      {
        "text": "Mary",
        "alias": "recipient",
        "meta": "@sys.any",
        "userDefined": false
      },
      {
        "text": " from ",
        "userDefined": false
      },
      {
        "text": "savings",
        "alias": "account",
        "meta": "@accountType",
        "userDefined": false
      },
      {
        "text": " account",
        "userDefined": false
      }
    ],
    "isTemplate": false,
    "count": 0,
    "updated": 1528254708
  },
  {
    "id": "382926c4-4d22-49e9-97e2-fa52ed7cd4c4",
    "data": [
      {
        "text": "Send cash",
        "userDefined": false
      }
    ],
    "isTemplate": false,
    "count": 0,
    "updated": 1527826830
  },
  {
    "id": "734b174d-464e-4f2b-b65b-b40b6e9ed576",
    "data": [
      {
        "text": "Transfer ",
        "userDefined": false
      },
      {
        "text": "25 bucks",
        "alias": "amount",
        "meta": "@sys.unit-currency",
        "userDefined": false
      }
    ],
    "isTemplate": false,
    "count": 0,
    "updated": 1527826830
  },
  {
    "id": "24413fcf-7227-4319-b530-f948595e0b9f",
    "data": [
      {
        "text": "Send to ",
        "userDefined": false
      },
      {
        "text": "John",
        "alias": "recipient",
        "meta": "@sys.any",
        "userDefined": true
      },
      {
        "text": " ",
        "userDefined": false
      },
      {
        "text": "10 dollars",
        "alias": "amount",
        "meta": "@sys.unit-currency",
        "userDefined": true
      }
    ],
    "isTemplate": false,
    "count": 0,
    "updated": 1527833395
  },
  {
    "id": "e6e988c1-9a9d-45c6-ae5b-7f2e11263d17",
    "data": [
      {
        "text": "Transfer ",
        "userDefined": false
      },
      {
        "text": "35 dollars",
        "alias": "amount",
        "meta": "@sys.unit-currency",
        "userDefined": false
      },
      {
        "text": " to ",
        "userDefined": false
      },
      {
        "text": "John",
        "alias": "recipient",
        "meta": "@sys.any",
        "userDefined": false
      }
    ],
    "isTemplate": false,
    "count": 0,
    "updated": 1527833395
  },
  {
    "id": "9fe563c3-1b7d-4d1a-95f0-c4cc043a4f10",
    "data": [
      {
        "text": "send ",
        "userDefined": false
      },
      {
        "text": "Mary",
        "alias": "recipient",
        "meta": "@sys.any",
        "userDefined": false
      },
      {
        "text": " ",
        "userDefined": false
      },
      {
        "text": "100",
        "alias": "amount",
        "meta": "@sys.unit-currency",
        "userDefined": false
      },
      {
        "text": " from ",
        "userDefined": false
      },
      {
        "text": "current",
        "alias": "account",
        "meta": "@accountType",
        "userDefined": false
      }
    ],
    "isTemplate": false,
    "count": 0,
    "updated": 1527833395
  },
  {
    "id": "da0c6302-ff4e-4a15-8769-6b8942cc91e4",
    "data": [
      {
        "text": "Transfer ",
        "userDefined": false
      },
      {
        "text": "Joanna",
        "alias": "recipient",
        "meta": "@sys.any",
        "userDefined": false
      },
      {
        "text": " ",
        "userDefined": false
      },
      {
        "text": "19 dollars",
        "alias": "amount",
        "meta": "@sys.unit-currency",
        "userDefined": false
      }
    ],
    "isTemplate": false,
    "count": 0,
    "updated": 1527833395
  },
  {
    "id": "3992fd90-f696-4c69-8b81-cd51cb698c76",
    "data": [
      {
        "text": "Send ",
        "userDefined": false
      },
      {
        "text": "25",
        "alias": "amount",
        "meta": "@sys.unit-currency",
        "userDefined": true
      },
      {
        "text": " from ",
        "userDefined": false
      },
      {
        "text": "current",
        "alias": "account",
        "meta": "@accountType",
        "userDefined": false
      },
      {
        "text": " account to ",
        "userDefined": false
      },
      {
        "text": "David",
        "alias": "recipient",
        "meta": "@sys.any",
        "userDefined": false
      }
    ],
    "isTemplate": false,
    "count": 0,
    "updated": 1527833395
  }
]