[
  {
    "id": "e9d60b26-a450-4664-8256-d46a42dfc480",
    "data": [
      {
        "text": "转帐",
        "userDefined": false
      }
    ],
    "isTemplate": false,
    "count": 0,
    "updated": 1528187487
  },
  {
    "id": "2daf2be9-59f1-48b5-8175-88738d547ea0",
    "data": [
      {
        "text": "资金转移",
        "userDefined": false
      }
    ],
    "isTemplate": false,
    "count": 0,
    "updated": 1528187487
  },
  {
    "id": "bbbe4cb7-0fe4-473d-9a81-b240eb6a89b7",
    "data": [
      {
        "text": "银行转帐",
        "userDefined": false
      }
    ],
    "isTemplate": false,
    "count": 0,
    "updated": 1528187487
  }
]