[
  {
    "id": "186e6467-85a1-4025-b562-27c39488bca6",
    "data": [
      {
        "text": "फण्ड स्थानांतरण कीजिए",
        "userDefined": false
      }
    ],
    "isTemplate": false,
    "count": 0
  },
  {
    "id": "75886f02-cd75-4fc7-984b-f0de39fc3954",
    "data": [
      {
        "text": "ऋषि",
        "alias": "recipient",
        "meta": "@sys.any",
        "userDefined": true
      },
      {
        "text": " को फंड्स ट्रांसफर करो",
        "userDefined": false
      }
    ],
    "isTemplate": false,
    "count": 1,
    "updated": 0
  },
  {
    "id": "5f209a7a-d896-4378-b8a6-3974397e5049",
    "data": [
      {
        "text": "निधि अंतरण",
        "userDefined": false
      }
    ],
    "isTemplate": false,
    "count": 0
  },
  {
    "id": "12fabe31-ded1-42bc-bd42-40291d835464",
    "data": [
      {
        "text": "मेरे खाते से ",
        "userDefined": false
      },
      {
        "text": "सौ रुपया",
        "alias": "amount",
        "meta": "@sys.unit-currency",
        "userDefined": true
      },
      {
        "text": " ",
        "userDefined": false
      },
      {
        "text": "रवि",
        "alias": "recipient",
        "meta": "@sys.any",
        "userDefined": true
      },
      {
        "text": " को स्थानांतरण कीजिए",
        "userDefined": false
      }
    ],
    "isTemplate": false,
    "count": 0
  },
  {
    "id": "30b8dea8-0584-4cee-bef1-765f212d6da8",
    "data": [
      {
        "text": "मेरे खाते से फंड्स ट्रांसफर करो",
        "userDefined": false
      }
    ],
    "isTemplate": false,
    "count": 0
  },
  {
    "id": "7b50d75a-b894-42e2-bf5b-dae578e71715",
    "data": [
      {
        "text": "राज",
        "alias": "recipient",
        "meta": "@sys.any",
        "userDefined": true
      },
      {
        "text": " को पैसे भेजिए",
        "userDefined": false
      }
    ],
    "isTemplate": false,
    "count": 0
  },
  {
    "id": "2c383379-a3d0-44e9-bf07-81755db626ef",
    "data": [
      {
        "text": "मेरे खाते से पैसे भेजो",
        "userDefined": false
      }
    ],
    "isTemplate": false,
    "count": 0
  },
  {
    "id": "9f8a828c-8474-4478-8fcc-4640cb8221aa",
    "data": [
      {
        "text": "अंतर बैंक अंतरण करो",
        "userDefined": false
      }
    ],
    "isTemplate": false,
    "count": 0
  },
  {
    "id": "40d3b599-a7e2-4a09-9c49-6e87ab8b23af",
    "data": [
      {
        "text": "अंतरण",
        "userDefined": false
      }
    ],
    "isTemplate": false,
    "count": 0
  },
  {
    "id": "de0a6386-23a6-45a2-96b1-795ac691b2ac",
    "data": [
      {
        "text": "उसको पैसे भेजिए",
        "userDefined": false
      }
    ],
    "isTemplate": false,
    "count": 0
  },
  {
    "id": "890996fc-ed39-4986-8788-503dfb32c148",
    "data": [
      {
        "text": "पैसा भेजना",
        "userDefined": false
      }
    ],
    "isTemplate": false,
    "count": 0
  },
  {
    "id": "13538cda-ec96-4a4e-a3bc-d0669289b543",
    "data": [
      {
        "text": "मेरे खाते से ",
        "userDefined": false
      },
      {
        "text": "सौ रुपया",
        "alias": "amount",
        "meta": "@sys.unit-currency",
        "userDefined": true
      },
      {
        "text": " ",
        "userDefined": false
      },
      {
        "text": "जॉन",
        "alias": "recipient",
        "meta": "@sys.any",
        "userDefined": true
      },
      {
        "text": " को भेजिए",
        "userDefined": false
      }
    ],
    "isTemplate": false,
    "count": 0
  },
  {
    "id": "838e6715-7f3b-410f-afa3-46a73bd3a0f0",
    "data": [
      {
        "text": "धन हस्तांतरण करें",
        "userDefined": false
      }
    ],
    "isTemplate": false,
    "count": 0
  },
  {
    "id": "03d23508-8c74-4aaa-9b88-2f63e7cc7ab2",
    "data": [
      {
        "text": "कृपया फंड्स ट्रांसफर करो",
        "userDefined": false
      }
    ],
    "isTemplate": false,
    "count": 0
  },
  {
    "id": "56e5088b-6512-4eec-8c4c-8fd366b3ed1b",
    "data": [
      {
        "text": "उसको पैसे भेजो",
        "userDefined": false
      }
    ],
    "isTemplate": false,
    "count": 0
  },
  {
    "id": "d9105a9e-ae4e-478b-84b3-30e50fba2d06",
    "data": [
      {
        "text": "स्थानांतरण",
        "userDefined": false
      }
    ],
    "isTemplate": false,
    "count": 0
  },
  {
    "id": "21c7b9f0-2fab-4202-9811-3e728758c1c6",
    "data": [
      {
        "text": "अंजली",
        "alias": "recipient",
        "meta": "@sys.any",
        "userDefined": true
      },
      {
        "text": " को फण्डस ट्रांसफर  कीजिये",
        "userDefined": false
      }
    ],
    "isTemplate": false,
    "count": 0
  },
  {
    "id": "8341d63e-f44a-4c4f-b4bb-1062252e399f",
    "data": [
      {
        "text": "कृपया स्थानांतरण करें",
        "userDefined": false
      }
    ],
    "isTemplate": false,
    "count": 0
  },
  {
    "id": "3a77b247-a5fe-443d-a135-6cc920ff6ba4",
    "data": [
      {
        "text": "राज",
        "alias": "recipient",
        "meta": "@sys.any",
        "userDefined": true
      },
      {
        "text": " को पैसे भेजो",
        "userDefined": false
      }
    ],
    "isTemplate": false,
    "count": 0
  },
  {
    "id": "98b1f0fa-a392-496c-a34f-2c3f967bc649",
    "data": [
      {
        "text": "अंजली",
        "alias": "recipient",
        "meta": "@sys.any",
        "userDefined": true
      },
      {
        "text": " को फण्डस ट्रांसफर  करो",
        "userDefined": false
      }
    ],
    "isTemplate": false,
    "count": 0
  },
  {
    "id": "2c696a02-84a9-46ce-83ca-c7a0134dd25c",
    "data": [
      {
        "text": "फण्ड स्थानांतरण",
        "userDefined": false
      }
    ],
    "isTemplate": false,
    "count": 0
  },
  {
    "id": "b6271733-e2f0-4e40-a47a-1d86f42c9d49",
    "data": [
      {
        "text": "कृपया फंड्स ट्रांसफर करे",
        "userDefined": false
      }
    ],
    "isTemplate": false,
    "count": 0
  },
  {
    "id": "fd1f52d9-1771-46ad-9184-cc5d60f17f45",
    "data": [
      {
        "text": "राहुल",
        "alias": "recipient",
        "meta": "@sys.any",
        "userDefined": true
      },
      {
        "text": " को फण्ड स्थानांतरण करो",
        "userDefined": false
      }
    ],
    "isTemplate": false,
    "count": 0
  }
]