[
  {
    "id": "e01333d2-e2d8-4239-bec6-862604998985",
    "data": [
      {
        "text": "send money to ",
        "userDefined": false
      },
      {
        "text": "John",
        "alias": "recipient",
        "meta": "@sys.any",
        "userDefined": true
      },
      {
        "text": " from ",
        "userDefined": false
      },
      {
        "text": "savings",
        "alias": "account",
        "meta": "@accountType",
        "userDefined": true
      },
      {
        "text": " account",
        "userDefined": false
      }
    ],
    "isTemplate": false,
    "count": 0,
    "updated": 1528178114
  },
  {
    "id": "7d9c67e5-f81b-4d4f-936d-84f80aba7b32",
    "data": [
      {
        "text": "funds transfer to ",
        "userDefined": false
      },
      {
        "text": "Lee",
        "alias": "recipient",
        "meta": "@sys.any",
        "userDefined": false
      },
      {
        "text": " from ",
        "userDefined": false
      },
      {
        "text": "current",
        "alias": "account",
        "meta": "@accountType",
        "userDefined": false
      }
    ],
    "isTemplate": false,
    "count": 0,
    "updated": 1528178114
  },
  {
    "id": "6c5465e9-fedf-4606-9da7-6a0bd97efd6f",
    "data": [
      {
        "text": "funds transfer to ",
        "userDefined": false
      },
      {
        "text": "john",
        "alias": "recipient",
        "meta": "@sys.any",
        "userDefined": false
      }
    ],
    "isTemplate": false,
    "count": 1,
    "updated": 1528178114
  },
  {
    "id": "f74c2a43-b9fd-414e-bd40-70f766393713",
    "data": [
      {
        "text": "Send ",
        "userDefined": false
      },
      {
        "text": "a dollar",
        "alias": "amount",
        "meta": "@sys.unit-currency",
        "userDefined": true
      },
      {
        "text": " to ",
        "userDefined": false
      },
      {
        "text": "Lee",
        "alias": "recipient",
        "meta": "@sys.any",
        "userDefined": true
      }
    ],
    "isTemplate": false,
    "count": 0,
    "updated": 1527833395
  },
  {
    "id": "09403f36-c59b-4e6e-be90-26e82cfd0653",
    "data": [
      {
        "text": "Transfer some money to ",
        "userDefined": false
      },
      {
        "text": "David",
        "alias": "recipient",
        "meta": "@sys.any",
        "userDefined": false
      },
      {
        "text": " please",
        "userDefined": false
      }
    ],
    "isTemplate": false,
    "count": 0,
    "updated": 1527833395
  },
  {
    "id": "96f86f84-cde9-4805-9b0c-f829bd64dcb0",
    "data": [
      {
        "text": "Do a funds transfer",
        "userDefined": false
      }
    ],
    "isTemplate": false,
    "count": 0,
    "updated": 1527826830
  },
  {
    "id": "adefdb26-44b4-45ee-a1a4-24e9383809ec",
    "data": [
      {
        "text": "Send cash to ",
        "userDefined": false
      },
      {
        "text": "James",
        "alias": "recipient",
        "meta": "@sys.any",
        "userDefined": false
      }
    ],
    "isTemplate": false,
    "count": 0,
    "updated": 1527833395
  },
  {
    "id": "1d1c4a87-69ae-4038-b4af-892276f09e78",
    "data": [
      {
        "text": "Send ",
        "userDefined": false
      },
      {
        "text": "5 dollars",
        "alias": "amount",
        "meta": "@sys.unit-currency",
        "userDefined": false
      }
    ],
    "isTemplate": false,
    "count": 0,
    "updated": 1527826830
  },
  {
    "id": "1f67d5ac-04dd-4721-bc39-6b96d9cea936",
    "data": [
      {
        "text": "transfer to ",
        "userDefined": false
      },
      {
        "text": "John",
        "alias": "recipient",
        "meta": "@sys.any",
        "userDefined": true
      },
      {
        "text": " ",
        "userDefined": false
      },
      {
        "text": "500",
        "alias": "amount",
        "meta": "@sys.unit-currency",
        "userDefined": true
      },
      {
        "text": " from ",
        "userDefined": false
      },
      {
        "text": "savings",
        "alias": "account",
        "meta": "@accountType",
        "userDefined": true
      }
    ],
    "isTemplate": false,
    "count": 0,
    "updated": 1527833395
  },
  {
    "id": "b1798a8d-3dd7-4cf8-98b4-3c0b8d26456a",
    "data": [
      {
        "text": "Do a funds transfer of ",
        "userDefined": false
      },
      {
        "text": "51 dollars",
        "alias": "amount",
        "meta": "@sys.unit-currency",
        "userDefined": true
      },
      {
        "text": " to ",
        "userDefined": false
      },
      {
        "text": "John",
        "alias": "recipient",
        "meta": "@sys.any",
        "userDefined": false
      }
    ],
    "isTemplate": false,
    "count": 0,
    "updated": 1528700289
  },
  {
    "id": "92dfcf3d-c762-48f4-a57a-ee96c2a6cddc",
    "data": [
      {
        "text": "funds transfer to ",
        "userDefined": false
      },
      {
        "text": "Mary",
        "alias": "recipient",
        "meta": "@sys.any",
        "userDefined": false
      },
      {
        "text": " from ",
        "userDefined": false
      },
      {
        "text": "savings",
        "alias": "account",
        "meta": "@accountType",
        "userDefined": false
      },
      {
        "text": " account",
        "userDefined": false
      }
    ],
    "isTemplate": false,
    "count": 0,
    "updated": 1528254708
  },
  {
    "id": "4b597fe6-d147-483f-960b-5a2f116f90d1",
    "data": [
      {
        "text": "Send cash",
        "userDefined": false
      }
    ],
    "isTemplate": false,
    "count": 0,
    "updated": 1527826830
  },
  {
    "id": "06dd320e-6c19-43e5-95f9-506a6f74ffd1",
    "data": [
      {
        "text": "Transfer ",
        "userDefined": false
      },
      {
        "text": "25 bucks",
        "alias": "amount",
        "meta": "@sys.unit-currency",
        "userDefined": false
      }
    ],
    "isTemplate": false,
    "count": 0,
    "updated": 1527826830
  },
  {
    "id": "b72821ce-4d34-4ba0-815c-e916ae36d0e2",
    "data": [
      {
        "text": "Send to ",
        "userDefined": false
      },
      {
        "text": "John",
        "alias": "recipient",
        "meta": "@sys.any",
        "userDefined": true
      },
      {
        "text": " ",
        "userDefined": false
      },
      {
        "text": "10 dollars",
        "alias": "amount",
        "meta": "@sys.unit-currency",
        "userDefined": true
      }
    ],
    "isTemplate": false,
    "count": 0,
    "updated": 1527833395
  },
  {
    "id": "56d083ce-d026-48e9-a219-3b751386ac38",
    "data": [
      {
        "text": "Transfer ",
        "userDefined": false
      },
      {
        "text": "35 dollars",
        "alias": "amount",
        "meta": "@sys.unit-currency",
        "userDefined": false
      },
      {
        "text": " to ",
        "userDefined": false
      },
      {
        "text": "John",
        "alias": "recipient",
        "meta": "@sys.any",
        "userDefined": false
      }
    ],
    "isTemplate": false,
    "count": 0,
    "updated": 1527833395
  },
  {
    "id": "6d8cd11c-a2f9-42dd-a2b6-d615b24dfab8",
    "data": [
      {
        "text": "send ",
        "userDefined": false
      },
      {
        "text": "Mary",
        "alias": "recipient",
        "meta": "@sys.any",
        "userDefined": false
      },
      {
        "text": " ",
        "userDefined": false
      },
      {
        "text": "100",
        "alias": "amount",
        "meta": "@sys.unit-currency",
        "userDefined": false
      },
      {
        "text": " from ",
        "userDefined": false
      },
      {
        "text": "current",
        "alias": "account",
        "meta": "@accountType",
        "userDefined": false
      }
    ],
    "isTemplate": false,
    "count": 0,
    "updated": 1527833395
  },
  {
    "id": "3982803b-b563-4ca0-acb4-cfbe56df7490",
    "data": [
      {
        "text": "Transfer ",
        "userDefined": false
      },
      {
        "text": "Joanna",
        "alias": "recipient",
        "meta": "@sys.any",
        "userDefined": false
      },
      {
        "text": " ",
        "userDefined": false
      },
      {
        "text": "19 dollars",
        "alias": "amount",
        "meta": "@sys.unit-currency",
        "userDefined": false
      }
    ],
    "isTemplate": false,
    "count": 0,
    "updated": 1527833395
  },
  {
    "id": "e024c868-dcf2-4d81-9c2d-e8caa4237fdd",
    "data": [
      {
        "text": "Send ",
        "userDefined": false
      },
      {
        "text": "25",
        "alias": "amount",
        "meta": "@sys.unit-currency",
        "userDefined": true
      },
      {
        "text": " from ",
        "userDefined": false
      },
      {
        "text": "current",
        "alias": "account",
        "meta": "@accountType",
        "userDefined": false
      },
      {
        "text": " account to ",
        "userDefined": false
      },
      {
        "text": "David",
        "alias": "recipient",
        "meta": "@sys.any",
        "userDefined": false
      }
    ],
    "isTemplate": false,
    "count": 0,
    "updated": 1527833395
  }
]