[
  {
    "id": "e2ecb518-2d98-4e40-977a-38225100efe6",
    "data": [
      {
        "text": "get balance",
        "userDefined": false
      }
    ],
    "isTemplate": false,
    "count": 0,
    "updated": 0
  },
  {
    "id": "dce25b14-0847-40f4-9917-5c3974851851",
    "data": [
      {
        "text": "how much do I have",
        "userDefined": false
      }
    ],
    "isTemplate": false,
    "count": 0,
    "updated": 0
  },
  {
    "id": "22407002-9d31-4444-a0c7-3253335d6400",
    "data": [
      {
        "text": "how much do I have in my ",
        "userDefined": false
      },
      {
        "text": "current",
        "alias": "account",
        "meta": "@accountType",
        "userDefined": true
      },
      {
        "text": " account?",
        "userDefined": false
      }
    ],
    "isTemplate": false,
    "count": 0,
    "updated": 1528167370
  },
  {
    "id": "3a6b330b-ca14-4592-aa30-1b306836e7a4",
    "data": [
      {
        "text": "show me my balance",
        "userDefined": false
      }
    ],
    "isTemplate": false,
    "count": 0,
    "updated": 1527479713
  },
  {
    "id": "567ed36f-045d-4e7b-81cc-549cc4f11bd2",
    "data": [
      {
        "text": "show ",
        "userDefined": false
      },
      {
        "text": "current",
        "meta": "@sys.ignore",
        "userDefined": true
      },
      {
        "text": " balance",
        "userDefined": false
      }
    ],
    "isTemplate": false,
    "count": 0,
    "updated": 1528167370
  },
  {
    "id": "83d62546-225f-4f7c-bf09-3875a0de9e43",
    "data": [
      {
        "text": "show amount",
        "userDefined": false
      }
    ],
    "isTemplate": false,
    "count": 0,
    "updated": 1527479713
  },
  {
    "id": "e5ad9240-a69c-43a1-a97a-f847d08b6a3f",
    "data": [
      {
        "text": "what is the amount I have left in ",
        "userDefined": false
      },
      {
        "text": "current?",
        "alias": "account",
        "meta": "@accountType",
        "userDefined": true
      }
    ],
    "isTemplate": false,
    "count": 0,
    "updated": 1528167370
  },
  {
    "id": "04e6bf06-927a-46ac-9c07-905641ac3344",
    "data": [
      {
        "text": "display my balance",
        "userDefined": false
      }
    ],
    "isTemplate": false,
    "count": 0,
    "updated": 1527479713
  },
  {
    "id": "6d8619f5-4f63-4dc5-842d-55153a3d93fc",
    "data": [
      {
        "text": "how much do i have in my ",
        "userDefined": false
      },
      {
        "text": "savings",
        "alias": "account",
        "meta": "@accountType",
        "userDefined": true
      },
      {
        "text": " account?",
        "userDefined": false
      }
    ],
    "isTemplate": false,
    "count": 0,
    "updated": 1528167370
  },
  {
    "id": "37b5a4f1-b02c-413b-928f-2ab9e5a3724f",
    "data": [
      {
        "text": "tell me how much I have in my ",
        "userDefined": false
      },
      {
        "text": "savings",
        "alias": "account",
        "meta": "@accountType",
        "userDefined": true
      },
      {
        "text": " account",
        "userDefined": false
      }
    ],
    "isTemplate": false,
    "count": 0,
    "updated": 1528167370
  },
  {
    "id": "378c7dab-2977-4e46-8acb-de1b2927527f",
    "data": [
      {
        "text": "show balance of ",
        "userDefined": false
      },
      {
        "text": "savings",
        "alias": "account",
        "meta": "@accountType",
        "userDefined": true
      }
    ],
    "isTemplate": false,
    "count": 0,
    "updated": 1528167370
  },
  {
    "id": "e5c9e3cc-d4ed-4cf2-aec8-9ea8338f971b",
    "data": [
      {
        "text": "what is the amount I have left in ",
        "userDefined": false
      },
      {
        "text": "savings",
        "alias": "account",
        "meta": "@accountType",
        "userDefined": true
      },
      {
        "text": "?",
        "userDefined": false
      }
    ],
    "isTemplate": false,
    "count": 0,
    "updated": 1528167370
  },
  {
    "id": "c0f6e465-2f85-4b95-9e50-20dfbe53fe88",
    "data": [
      {
        "text": "reveal the amount in",
        "userDefined": false
      }
    ],
    "isTemplate": false,
    "count": 0,
    "updated": 1527479713
  },
  {
    "id": "00369ee1-943d-44e5-b353-c8922ef331c3",
    "data": [
      {
        "text": "get my balance",
        "userDefined": false
      }
    ],
    "isTemplate": false,
    "count": 0,
    "updated": 1527479713
  },
  {
    "id": "56d2a745-c970-4607-8c3c-48feac558645",
    "data": [
      {
        "text": "get amount in ",
        "userDefined": false
      },
      {
        "text": "current",
        "alias": "account",
        "meta": "@accountType",
        "userDefined": true
      },
      {
        "text": " account",
        "userDefined": false
      }
    ],
    "isTemplate": false,
    "count": 0,
    "updated": 1528167370
  },
  {
    "id": "3328b82c-271b-4233-9bc7-84fdf76716d4",
    "data": [
      {
        "text": "show money in ",
        "userDefined": false
      },
      {
        "text": "savings",
        "alias": "account",
        "meta": "@accountType",
        "userDefined": true
      }
    ],
    "isTemplate": false,
    "count": 0,
    "updated": 1528167370
  }
]