[
  {
    "id": "b9f29968-7ff9-4c9a-9a30-ccbf047e4489",
    "data": [
      {
        "text": "मेरा खाता में कितना पैसा है?",
        "userDefined": false
      }
    ],
    "isTemplate": false,
    "count": 0
  },
  {
    "id": "fa5059a8-c63b-426f-b32b-9e13521560a1",
    "data": [
      {
        "text": "ज़रा बैलेंस दिखाओं",
        "userDefined": false
      }
    ],
    "isTemplate": false,
    "count": 0
  },
  {
    "id": "e438d120-befa-4d86-8e58-06fa72b4d568",
    "data": [
      {
        "text": "मेरा बैलेंस क्या है",
        "userDefined": false
      }
    ],
    "isTemplate": false,
    "count": 0
  },
  {
    "id": "e376ada4-2a88-40c5-a8c2-815fdc88ec27",
    "data": [
      {
        "text": "मेरा बैलेंस दिखाओं",
        "userDefined": false
      }
    ],
    "isTemplate": false,
    "count": 0
  },
  {
    "id": "ee73cdd5-061d-45da-bbc9-ef603c1b011a",
    "data": [
      {
        "text": "मेरा संतुलन दिखाओं",
        "userDefined": false
      }
    ],
    "isTemplate": false,
    "count": 0
  },
  {
    "id": "3623f28a-12b2-461b-a49f-daba4707d5d6",
    "data": [
      {
        "text": "बैंक बैलेंस दिखाओं",
        "userDefined": false
      }
    ],
    "isTemplate": false,
    "count": 0
  },
  {
    "id": "68458290-c3dd-4a94-b115-6f2c794d6eda",
    "data": [
      {
        "text": "संतुलन प्राप्त करें",
        "userDefined": false
      }
    ],
    "isTemplate": false,
    "count": 0
  }
]