[
  {
    "id": "2c082fe2-f416-4c2e-a425-f94189c1a6f0",
    "data": [
      {
        "text": "get balance",
        "userDefined": false
      }
    ],
    "isTemplate": false,
    "count": 0,
    "updated": 0
  },
  {
    "id": "a420a1b2-9c48-429d-8a7e-b1bcb0de8491",
    "data": [
      {
        "text": "how much do I have",
        "userDefined": false
      }
    ],
    "isTemplate": false,
    "count": 0,
    "updated": 0
  },
  {
    "id": "4ce7c460-d1b2-49ee-9f9d-cee81a11e82d",
    "data": [
      {
        "text": "how much do I have in my ",
        "userDefined": false
      },
      {
        "text": "current",
        "alias": "account",
        "meta": "@accountType",
        "userDefined": true
      },
      {
        "text": " account?",
        "userDefined": false
      }
    ],
    "isTemplate": false,
    "count": 0,
    "updated": 1528167370
  },
  {
    "id": "ba3ff3c3-a33a-4df5-8a4c-715963082ee3",
    "data": [
      {
        "text": "show me my balance",
        "userDefined": false
      }
    ],
    "isTemplate": false,
    "count": 0,
    "updated": 1527479713
  },
  {
    "id": "c2346442-51cf-4f4f-80f1-295312dadaef",
    "data": [
      {
        "text": "show ",
        "userDefined": false
      },
      {
        "text": "current",
        "meta": "@sys.ignore",
        "userDefined": true
      },
      {
        "text": " balance",
        "userDefined": false
      }
    ],
    "isTemplate": false,
    "count": 0,
    "updated": 1528167370
  },
  {
    "id": "ddcf00c5-8222-4a63-8d8e-cec26a4a1ae7",
    "data": [
      {
        "text": "show amount",
        "userDefined": false
      }
    ],
    "isTemplate": false,
    "count": 0,
    "updated": 1527479713
  },
  {
    "id": "3b78eb71-2227-49a3-bfd9-3054eceea5bb",
    "data": [
      {
        "text": "what is the amount I have left in ",
        "userDefined": false
      },
      {
        "text": "current?",
        "alias": "account",
        "meta": "@accountType",
        "userDefined": true
      }
    ],
    "isTemplate": false,
    "count": 0,
    "updated": 1528167370
  },
  {
    "id": "629b10c8-cb73-4c71-9ded-81f5da4eff40",
    "data": [
      {
        "text": "display my balance",
        "userDefined": false
      }
    ],
    "isTemplate": false,
    "count": 0,
    "updated": 1527479713
  },
  {
    "id": "c3e8df28-56cf-47b2-b1ba-3b15c6c18506",
    "data": [
      {
        "text": "how much do i have in my ",
        "userDefined": false
      },
      {
        "text": "savings",
        "alias": "account",
        "meta": "@accountType",
        "userDefined": true
      },
      {
        "text": " account?",
        "userDefined": false
      }
    ],
    "isTemplate": false,
    "count": 0,
    "updated": 1528167370
  },
  {
    "id": "546d78d9-eae5-4140-b3f3-1de7ecd91354",
    "data": [
      {
        "text": "tell me how much I have in my ",
        "userDefined": false
      },
      {
        "text": "savings",
        "alias": "account",
        "meta": "@accountType",
        "userDefined": true
      },
      {
        "text": " account",
        "userDefined": false
      }
    ],
    "isTemplate": false,
    "count": 0,
    "updated": 1528167370
  },
  {
    "id": "8b7c7e25-1422-487a-8857-9d83084ab6ce",
    "data": [
      {
        "text": "show balance of ",
        "userDefined": false
      },
      {
        "text": "savings",
        "alias": "account",
        "meta": "@accountType",
        "userDefined": true
      }
    ],
    "isTemplate": false,
    "count": 0,
    "updated": 1528167370
  },
  {
    "id": "50330a0c-1808-4c5e-ad68-5b76e6da3779",
    "data": [
      {
        "text": "what is the amount I have left in ",
        "userDefined": false
      },
      {
        "text": "savings",
        "alias": "account",
        "meta": "@accountType",
        "userDefined": true
      },
      {
        "text": "?",
        "userDefined": false
      }
    ],
    "isTemplate": false,
    "count": 0,
    "updated": 1528167370
  },
  {
    "id": "836f7d6f-d8a3-43b6-8a2a-985eff098a11",
    "data": [
      {
        "text": "reveal the amount in",
        "userDefined": false
      }
    ],
    "isTemplate": false,
    "count": 0,
    "updated": 1527479713
  },
  {
    "id": "1807a960-a0fb-41e7-b244-452656c49b6c",
    "data": [
      {
        "text": "get my balance",
        "userDefined": false
      }
    ],
    "isTemplate": false,
    "count": 0,
    "updated": 1527479713
  },
  {
    "id": "b7af15da-bc11-414e-b2f6-0ce15e046e97",
    "data": [
      {
        "text": "get amount in ",
        "userDefined": false
      },
      {
        "text": "current",
        "alias": "account",
        "meta": "@accountType",
        "userDefined": true
      },
      {
        "text": " account",
        "userDefined": false
      }
    ],
    "isTemplate": false,
    "count": 0,
    "updated": 1528167370
  },
  {
    "id": "f7e37977-8e9d-449c-a5ff-e263b7b6aef7",
    "data": [
      {
        "text": "show money in ",
        "userDefined": false
      },
      {
        "text": "savings",
        "alias": "account",
        "meta": "@accountType",
        "userDefined": true
      }
    ],
    "isTemplate": false,
    "count": 0,
    "updated": 1528167370
  }
]